win,hour,n,sdem_mean,sdem_t,sdem_p,rdem_mean,rdem_t,rdem_p,sraw_mean,sraw_t,sraw_p,rraw_mean,rraw_t,rraw_p
W1,0,2027,0.003324799302034969,1.7872224803089403,0.07405098058589367,-0.07556367697986058,-43.595566320115594,1.9758692196955593e-293,0.0033271648846359136,1.816619752820921,0.06942306331819377,0.11908627691338529,65.49656751592185,0.0
W1,1,2027,0.006263824542084742,2.812212929254861,0.004967592444304022,-0.050175843518475996,-27.88900581562154,3.845813742853265e-145,0.006266190124685688,2.81456733898756,0.004931491782149932,0.14447411037476984,76.6898246440771,0.0
W1,2,2027,-0.009999340197300201,-3.7659206233877955,0.00017066784425747342,-0.015409495397650078,-7.321160542066216,3.528290460126093e-13,-0.009996974614699256,-3.713878430720874,0.0002096267700223003,0.17924045849559578,80.0128735510179,0.0
W1,3,2027,-0.005070771576208286,-1.6224438127514915,0.10486393981594401,0.013483080864251611,5.653747661685638,1.7922798208293958e-08,-0.005068405993607341,-1.5729943422861816,0.11587626811936753,0.20813303475749748,77.69783679408978,0.0
W1,4,2027,-0.003969493827553724,-1.5076586844002124,0.13179781316079192,-0.015321711769360001,-7.090408057871142,1.8395464857746218e-12,-0.003967128244952779,-1.4788716692349582,0.1393300706057495,0.17932824212388584,75.95846478697106,0.0
W1,5,2027,-0.00807713615587262,-3.1916369527767836,0.001436361062978004,-0.018002238634399065,-9.08092730011434,2.4858225631515623e-19,-0.008074770573271675,-3.1497128352629873,0.0016581496655757484,0.17664771525884682,77.2958239398422,0.0
W1,6,2027,-0.0010166539044727295,-0.4127251776369346,0.6798516471596607,-0.02650811844835607,-13.658686158665414,1.0725795012358762e-40,-0.001014288321871786,-0.41577917859083935,0.677615629842738,0.1681418354448898,76.78281398066157,0.0
W1,7,2027,0.001182570310183003,0.4155108338151219,0.6778119876500177,0.006633002997269936,3.2192271945362663,0.001305694231949842,0.0011849358927839486,0.4097606682283572,0.6820248410570953,0.2012829568905158,90.82744804544521,0.0
W1,8,2026,-0.003910748944251413,-0.7245665723500956,0.46880167884383117,0.16815458984210552,37.73376953931162,2.005360639421477e-236,-0.0038877896871115855,-0.6890152754537312,0.4908925900411827,0.3628259640351801,74.42809406889734,0.0
W1,9,2025,-0.014217338246537134,-2.9421488879077584,0.003296477154739181,0.14049080435186242,40.465746270950085,7.729488910848001e-263,-0.014208782950371751,-2.820002868155706,0.004849099232468569,0.3351633490195932,85.15442772303338,0.0
W1,10,2027,0.010439658089608879,2.120238626418507,0.03410716223432388,0.13912509151040023,36.612360132567,1.1132712046142066e-225,0.010442023672209826,2.0236413409623744,0.04313810637645119,0.33377504540364605,76.55645885926131,0.0
W1,11,2027,0.002328057211212672,0.6110726138304009,0.5412200598724741,0.06366474529659287,21.854127238950188,3.0645963105329544e-95,0.0023304227938136177,0.5968000346768029,0.550707576375923,0.2583146991898387,75.53976197327809,0.0
W1,12,2021,-9.504900896953805e-05,-0.02878951474746092,0.9770353073454021,0.021204321467129403,7.678866226556074,2.483152795182985e-14,-0.00010371267754953014,-0.030299682867664927,0.9758310427156578,0.21605814942621335,68.40485326054267,0.0
W1,13,1994,-0.0003164621663073845,-0.10276712309349485,0.9181581378116014,0.013362242892142304,5.838665049161873,6.129044857326614e-09,-0.0002485908543842931,-0.0784552810423133,0.9374737769090635,0.20889597624520745,76.71689438984107,0.0
W1,14,1991,-0.0006161950220633408,-0.17014041635645613,0.8649170039451355,-0.0001809201054628095,-0.04906220064972623,0.9608746500563666,-0.0005660451595120819,-0.1517417605750742,0.8794059995824604,0.19545536727799437,48.065114895122754,0.0
W1,15,1993,-0.0003944079510396373,-0.13534941389843702,0.8923492927921987,-0.02436484841380705,-10.840490796883406,1.2069845770597236e-26,-0.0003279007257544686,-0.11176739760239889,0.9110190989489122,0.1712170594196411,62.88156678388796,0.0
W1,16,1991,-0.013703481658779385,-7.46098145570502,1.275893151715801e-13,-0.08024931566256771,-57.78825785127215,0.0,-0.013671834962175746,-7.869525192440169,5.794972308447842e-15,0.11531362827682883,74.14342791777423,0.0
W1,17,488,-0.0306727098346633,-12.594177779868515,1.1093975769977385e-31,-0.10370995994000322,-38.07481196888166,4.31162652960999e-148,-0.029866516497223636,-14.384145920760687,2.3746809890238135e-39,0.08853800915653688,45.40097877647895,3.955601592487768e-177
W1,18,1599,0.0309001404051684,13.089625603982105,2.8941280845587276e-37,-0.05676019712424578,-33.24583536788156,1.1751550581681653e-184,0.030212694544445827,13.685096059102221,2.1454612130690766e-40,0.13239772593072172,64.56194779412216,0.0
W1,19,1621,0.004557417128886904,2.0012916985562863,0.045527500836594986,-0.05905608231591312,-31.32186188493849,8.788094665333516e-169,0.003755228562739642,1.7063509028189343,0.08813442538328921,0.1299226645251677,62.03078575697598,0.0
W1,20,1619,0.005681724137334139,2.012623713809565,0.044319639153195894,-0.025539174039639095,-11.985993800663502,8.923645742771792e-32,0.0048302557550658435,1.6641115002270535,0.09628378339446553,0.16339150999146496,61.89435340200449,0.0
W1,21,1619,0.008542944302694522,2.788660416284284,0.005354618967718533,-0.019570025408950982,-7.1842381533621635,1.0271747959998904e-12,0.007676092270996033,2.4574052595265585,0.014098740005491823,0.1694254934691993,55.74025561088035,0.0
W1,22,1619,0.005039883956084481,1.9976689435286399,0.04591972825721326,-0.06115543555913441,-28.705040635451372,8.186974819931953e-147,0.004173031924385994,1.6455009854793123,0.10006076778078629,0.12784008331901586,51.25152895301902,0.0
W1,23,1620,0.0019308865255370984,0.8373344253272235,0.40252819804029993,-0.07486225604225089,-27.921383223580595,2.2369939510871417e-140,0.0010673224929639252,0.45240734499074436,0.6510361670832874,0.11410100125135064,39.09121694543871,5.997731654959546e-236
W2,0,2036,-0.00020701621834478734,-0.10398626087489704,0.9171904984746974,-0.07252717673708568,-43.45351293099094,2.1899199860851497e-292,0.0016975515297279942,0.8524984340532507,0.3940378259933238,0.12843809848264293,72.0988749482047,0.0
W2,1,2036,-0.0031272624442126606,-1.2317235743409616,0.21819467072912913,-0.0338489589986989,-17.907898426652046,1.0299865899341716e-66,-0.0012226946961398793,-0.47080500616700816,0.637830448589053,0.16711631622102974,77.63971900023793,0.0
W2,2,2036,0.0022095509816730907,0.7637260757937913,0.44511903211363624,0.0008184803312959343,0.42222292862706223,0.6729069098273985,0.004114118729745872,1.3990776372222442,0.16194209794845552,0.20178375555102457,91.59924261862002,0.0
W2,3,2036,0.002139289454129185,0.6821911195607945,0.4951957476689258,0.01853262951565753,8.748320788736267,4.4505539538584966e-18,0.004043857202201966,1.2693737740815774,0.20445293475778992,0.21949790473538613,88.18771208741629,0.0
W2,4,2036,0.0007177800906256745,0.2637065922517675,0.7920327150547399,-0.00800253930473239,-4.0986666427531535,4.318505863296438e-05,0.0026223478386984563,0.9382976553026232,0.34820281153733834,0.19296273591499624,85.7582659047,0.0
W2,5,2036,0.0002351298113638215,0.09487199112366068,0.9244258443580018,-0.028016184045620972,-15.103870162282773,6.193962263450518e-49,0.0021396975594366037,0.8632745944649085,0.3880882381715055,0.1729490911741077,85.75961015723279,0.0
W2,6,2036,-0.003305390842509539,-1.2366581410153343,0.21635672511300127,-0.026435190796289566,-12.898866226960534,1.1961670131307753e-36,-0.0014008230944367573,-0.5170880683419399,0.6051508767031557,0.17453008442343906,75.29520198690163,0.0
W2,7,2036,-0.00348764063931565,-1.272642210684128,0.20329041383883598,-0.006028386702281972,-2.9679132700607607,0.003033279498644942,-0.0015830728912428677,-0.5675813766564499,0.5703818644985184,0.19493688851744667,83.75906825775303,0.0
W2,8,2036,0.0015060674350799474,0.2871668618419055,0.7740137952884786,0.15259912404808137,38.01645812535582,2.0590465957615532e-239,0.003410635183152728,0.6215438246919173,0.5343114875279106,0.35356439926780997,79.29872514525161,0.0
W2,9,2036,-0.008475429352782777,-1.6905292505740386,0.09107988935321193,0.16207901666324648,48.316286717156316,0.0,-0.006570861604709997,-1.2520531059028894,0.2106943957352054,0.36304429188297516,93.76566138782115,0.0
W2,10,2036,0.0023858210483385382,0.4410537415013954,0.6592209435548029,0.1542847647094561,38.941736435985845,2.2776850586707125e-248,0.004290388796411316,0.7588680106208846,0.44801940094930437,0.35525003992918475,76.33049016968296,0.0
W2,11,2036,-0.001489899278549117,-0.4094936697713597,0.6822205082265151,0.057170580793947774,22.465736573737694,4.945136914550749e-100,0.00041466846952366483,0.10995446039192983,0.9124563328415316,0.2581358560136764,82.97573923658018,0.0
W2,12,2036,-0.005507385157326778,-1.8819302374297326,0.059988088547356155,-0.003087967812709771,-1.5049447645961243,0.13249346356317043,-0.003602817409253997,-1.2037888868172741,0.22881119214104542,0.19787730740701887,77.97979943964161,0.0
W2,13,2013,-0.0007090693883675939,-0.2547381241693137,0.7989514020031295,-0.011757889141025983,-5.733715972499329,1.1311522657540767e-08,0.0012157824779858827,0.43470476307874295,0.6638233583801963,0.19000585213829319,73.62211164264075,0.0
W2,14,1986,-0.0008426916001769641,-0.25753238207487306,0.7967945145374773,-0.021691136517814895,-6.462998696740414,1.2880796013686701e-10,0.0010430061128480232,0.3140255649229864,0.7535346200560076,0.18092484668393854,47.582886448777394,0.0
W2,15,1986,7.614125863690721e-05,0.028309254201193294,0.9774183455091786,-0.041761616375926666,-20.359775247189596,7.7097337384313535e-84,0.001961838971661894,0.7156548751695548,0.4742886520725901,0.16085436682582677,62.41834671662447,0.0
W2,16,1986,-0.009431339735020593,-4.911884144262195,9.75883335904244e-07,-0.08747518811091662,-56.706707266177865,0.0,-0.007545642021995608,-4.15320273622999,3.417454372912581e-05,0.11514079509083683,62.87131204332232,0.0
W2,18,1627,0.027179938528442988,10.326667858529635,2.9433299514281358e-24,-0.0626111142830418,-23.95851825066782,6.870255412454807e-109,0.02905227057264062,11.296815864794265,1.5269652357004533e-28,0.13292279609732582,41.56422823198093,6.950469983322824e-258
W2,19,1623,0.006392182345221236,3.0025756796530594,0.002717986601132824,-0.07226977935380408,-40.84332538932335,2.1402761084710677e-251,0.008295870126845743,3.92001106491923,9.223049277920441e-05,0.12323175788053913,55.50834030353926,0.0
W2,20,1617,0.002521499397747582,0.821189769050197,0.41165930926608796,-0.01769658112225517,-7.0337049303105195,2.958758985257628e-12,0.004384749921411323,1.414604503434413,0.1573771323398781,0.17773432994608093,57.18699107067692,0.0
W2,21,1617,0.00029356472244368675,0.08292180518324638,0.9339239853917609,0.007265779765449548,2.4021888519464896,0.01640952802180312,0.0021568152461074247,0.5917796723362851,0.5540809134452682,0.20269669083378566,57.25671986324186,0.0
W2,22,1616,-0.0008729085716578672,-0.35237100431855584,0.7246060212459625,-0.044478595747661005,-24.692523511058805,1.788545805336114e-114,0.000989872596486464,0.4036748024209281,0.6865053125987202,0.15095191478183947,72.06352285125664,0.0
W2,23,1617,-0.0016412145356212383,-0.7813779384162453,0.4346946989449969,-0.07235008361187455,-38.976044502812485,7.954207328896317e-235,0.00022203598804250297,0.10666148853610681,0.9150707749483413,0.12308082745646155,63.26671816360465,0.0
