len,start,win,n,hours,disp_mean,disp_t,disp_p,rng_mean,spans_break
4,0,W1,2037,00 01 02 03,0.013841808140534923,2.6459915774221496,0.008207883655781062,0.31387250046495085,False
4,0,W2,2050,00 01 02 03,0.010969070589684733,2.1630348465344404,0.03065381278448053,0.3479706122764558,False
4,1,W1,2038,01 02 03 04,0.012222034769691364,2.3434246387630053,0.019203330109815488,0.28745461713281706,False
4,1,W2,2050,01 02 03 04,0.011469669501526386,2.413846511605629,0.015872293370139987,0.3270948307413943,False
4,2,W1,2040,02 03 04 05,0.01685775642903843,4.049847670762999,5.3168458223902164e-05,0.24708216917299006,False
4,2,W2,2050,02 03 04 05,0.0024221288757462806,0.5580174594410965,0.5768934247655697,0.28641545264317414,False
4,3,W1,2041,03 04 05 06,0.005405231821160916,1.2971290945315148,0.19473345004700682,0.27053662314962224,False
4,3,W2,2050,03 04 05 06,8.072172765927242e-05,0.018077520029806633,0.9855787714744728,0.3024739026798474,False
4,4,W1,2041,04 05 06 07,-0.002614230366937867,-0.5736917365904329,0.5662396608734215,0.3162764536781087,False
4,4,W2,2051,04 05 06 07,0.006773884593822731,1.3824632074744871,0.16698010704831712,0.3398550901885174,False
4,5,W1,2041,05 06 07 08,-0.006440946318898824,-1.2574512716555812,0.20873420405075407,0.3545392812487024,False
4,5,W2,2051,05 06 07 08,0.01023626991732711,1.8946625624433795,0.058277724118719704,0.3818218476326295,False
4,6,W1,2041,06 07 08 09,-0.023761444470012053,-4.345700449692189,1.4565268738995482e-05,0.36927076416364474,False
4,6,W2,2051,06 07 08 09,0.012769523234178045,2.3108026644260824,0.02094255722007757,0.38911234839814335,False
4,7,W1,2041,07 08 09 10,-0.024239700969591573,-4.424252856133707,1.0187526908542464e-05,0.3686494539517454,False
4,7,W2,2051,07 08 09 10,0.009235959521279381,1.678623447950529,0.09337786071213283,0.3797018584057687,False
4,8,W1,2041,08 09 10 11,-0.015380014764555626,-2.934498170536943,0.0033781910996223824,0.3612020705947159,False
4,8,W2,2051,08 09 10 11,0.00486475822527161,0.9095278761798717,0.36317846923886266,0.368469195835048,False
4,9,W1,2040,09 10 11 12,-0.009362473511178927,-1.4300811178080828,0.15284694840088078,0.44198058322792205,False
4,9,W2,2051,09 10 11 12,0.002450464338447887,0.3840684876834262,0.700967518645312,0.4267746123665044,False
4,10,W1,2040,10 11 12 13,-0.009421743102303988,-1.2089321614756279,0.22682907601566887,0.5311767588887445,False
4,10,W2,2051,10 11 12 13,-0.002488887446849765,-0.31514149287783744,0.7526863000575066,0.5284679285257342,False
4,11,W1,2039,11 12 13 14,-0.012854703598031295,-1.4024229019388943,0.1609413010774764,0.607739804216402,False
4,11,W2,2051,11 12 13 14,0.00038491330959368377,0.04063689272694024,0.9675893294040352,0.6189163919736727,False
4,12,W1,2039,12 13 14 15,-0.004684507169729833,-0.48800044373655255,0.6256020223026778,0.6495194652409847,False
4,12,W2,2051,12 13 14 15,-0.003149812870386926,-0.3113901880141644,0.7555356743007666,0.666341706937324,False
4,13,W1,2038,13 14 15 16,-0.005399792585179196,-0.5996877529158829,0.5487810486835074,0.6069680002942277,False
4,13,W2,2051,13 14 15 16,-0.0018545505177855262,-0.19346884208199033,0.8466109718868218,0.6314689339231437,False
4,14,W1,2015,14 15 16 17,0.004914878412595791,0.5813085341838559,0.5610975791991237,0.5441656903946004,False
4,14,W2,2038,14 15 16 17,-0.000760905522341466,-0.09223120592074452,0.9265234142210392,0.54514449884012,False
4,15,W1,1996,15 16 17 18,0.01247561190593929,1.6397915309306452,0.10120617637216298,0.4743608786654024,False
4,15,W2,2000,15 16 17 18,-0.0015829858127148584,-0.22917673981224307,0.8187549946627952,0.4561584480409918,False
4,16,W1,1993,16 17 18 19,0.0018078576181118477,0.2590118207099523,0.7956528817405106,0.4222825335685646,False
4,16,W2,1986,16 17 18 19,0.0019361715516444363,0.3284933516215932,0.7425733190906377,0.38376426405367325,False
4,17,W1,1992,17 18 19 20,-0.010826710055898713,-1.7668954747462609,0.0773989187735377,0.37158342556556356,False
4,17,W2,1986,17 18 19 20,-0.004736701284456941,-0.8764315392276705,0.3809015273958217,0.3392947856738765,False
4,18,W1,1992,18 19 20 21,-0.013576234737674973,-2.5971824098718415,0.009468427125860839,0.3034822370354152,True
4,18,W2,1986,18 19 20 21,-0.0036791826997950436,-0.8006081413323665,0.4234543457598995,0.27888503639844153,True
4,19,W1,1993,19 20 21 22,-0.014382561953322675,-3.8668066783245627,0.00011380732158815903,0.2228812296129013,True
4,19,W2,1986,19 20 21 22,-0.004606744413733101,-1.314407483801549,0.18886096718396078,0.2086616718390121,True
4,20,W1,1590,20 21 22 23,0.00500667140643305,1.5160439319144667,0.1297071415048411,0.19973195610869177,True
4,20,W2,1577,20 21 22 23,0.026652668612868077,6.543131886298155,8.122792589862066e-11,0.19543147906378502,True
4,21,W1,1617,21 22 23 00,0.01660352471867255,5.173871895282918,2.5794329964853077e-07,0.19903538551740166,True
4,21,W2,1615,21 22 23 00,0.02078766468312909,5.911237039739685,4.134919912946231e-09,0.1952480545570004,True
4,22,W1,1616,22 23 00 01,0.02243383847448358,4.949043446123406,8.23688119373962e-07,0.2762775016724413,True
4,22,W2,1615,22 23 00 01,0.02646807412236714,5.093997003635867,3.917692679186058e-07,0.2941839687781335,True
4,23,W1,1616,23 00 01 02,0.03212851197300616,6.164444981595101,8.91633343619039e-10,0.3098198228648731,False
4,23,W2,1615,23 00 01 02,0.028835609278297307,5.241600049309768,1.8019326520674678e-07,0.33462719026952326,False
7,0,W1,2037,00 01 02 03 04 05 06,0.020013566814706122,3.1553275585418006,0.0016266038412834924,0.40470606730352254,False
7,0,W2,2050,00 01 02 03 04 05 06,0.013198144579296025,2.022076754223483,0.04329813867263392,0.44705449953727067,False
7,1,W1,2038,01 02 03 04 05 06 07,0.011936773786885128,1.8544036365174037,0.06382586892565922,0.4194186636062976,False
7,1,W2,2050,01 02 03 04 05 06 07,0.01867652662056299,2.8189861322231975,0.004863851167830469,0.4629245420874061,False
7,2,W1,2040,02 03 04 05 06 07 08,0.0005608214019985548,0.09243668481477631,0.9263601746320536,0.4137331584771384,False
7,2,W2,2050,02 03 04 05 06 07 08,0.012320198075062155,1.8911759375851749,0.058741798439332506,0.4534848419938402,False
7,3,W1,2041,03 04 05 06 07 08 09,-0.016562273984249216,-2.6608114587334817,0.007856357331012738,0.4284624061369315,False
7,3,W2,2050,03 04 05 06 07 08 09,0.01049974965259294,1.594183971543338,0.11104906310259721,0.4569034204747849,False
7,4,W1,2041,04 05 06 07 08 09 10,-0.018114959440411027,-2.801728996481152,0.005130933495806479,0.448595168659465,False
7,4,W2,2051,04 05 06 07 08 09 10,0.011441634912170952,1.672988166631113,0.09448220309639113,0.46961506978593054,False
7,5,W1,2041,05 06 07 08 09 10 11,-0.01599478825018968,-2.327106250207986,0.020057038088752328,0.4746086519562359,False
7,5,W2,2051,05 06 07 08 09 10 11,0.012090569470199377,1.6833318422257004,0.09246312811510321,0.49292925833088447,False
7,6,W1,2040,06 07 08 09 10 11 12,-0.02565696621380873,-3.1244237435497566,0.001806600080850528,0.5572448982344204,False
7,6,W2,2051,06 07 08 09 10 11 12,0.012312989629479599,1.5397508437452032,0.12377543047245301,0.5538656210761191,False
7,7,W1,2040,07 08 09 10 11 12 13,-0.031186095056031742,-3.400029846779781,0.0006867640040476586,0.6288428633399293,False
7,7,W2,2051,07 08 09 10 11 12 13,0.007988199795131573,0.8633660156322306,0.388037255037995,0.6308742747303866,False
7,8,W1,2039,08 09 10 11 12 13 14,-0.02836197831868041,-2.7562157597501824,0.005899513951845859,0.6844805870902604,False
7,8,W2,2051,08 09 10 11 12 13 14,0.005063310642159818,0.4820856229302586,0.6297965868470475,0.6967487273227059,False
7,9,W1,2039,09 10 11 12 13 14 15,-0.014137156266612005,-1.3342468983841416,0.18227201617037747,0.7211847562986767,False
7,9,W2,2051,09 10 11 12 13 14 15,-0.0011253866215685674,-0.10191457942255244,0.918834444595474,0.7349655802949412,False
7,10,W1,2038,10 11 12 13 14 15 16,-0.007268210253952558,-0.6645307971084017,0.5064258619164423,0.7407324626324223,False
7,10,W2,2051,10 11 12 13 14 15 16,-0.0021999152201728923,-0.19366582179247624,0.8464567419936257,0.7486126547996311,False
7,11,W1,2014,11 12 13 14 15 16 17,-0.002438396036727433,-0.21124303677915857,0.8327190124990249,0.7596244971817805,False
7,11,W2,2038,11 12 13 14 15 16 17,-0.0021118107324304075,-0.1833816883100426,0.8545167935575212,0.7585173981954819,False
7,12,W1,1994,12 13 14 15 16 17 18,-0.0005095660159906486,-0.042920489818576144,0.9657692147020487,0.7706412819449915,False
7,12,W2,2000,12 13 14 15 16 17 18,-0.0014318873162832437,-0.12243634395313943,0.9025657638444039,0.7702447447210482,False
7,13,W1,1991,13 14 15 16 17 18 19,-0.0023300255543057436,-0.20893795705088897,0.8345180568182973,0.7176461047006936,False
7,13,W2,1986,13 14 15 16 17 18 19,-0.0018235237254015599,-0.1652238787836116,0.8687845951664998,0.7263487457376909,False
7,14,W1,1990,14 15 16 17 18 19 20,-0.008308127284271466,-0.8119196840869736,0.4169348743528848,0.6366744342561708,False
7,14,W2,1986,14 15 16 17 18 19 20,-0.005022434936351002,-0.5165194952834228,0.6055491630084281,0.6292090192625919,False
7,15,W1,1991,15 16 17 18 19 20 21,-0.0023515179213393156,-0.27274945151982605,0.7850741174969301,0.5296354728596044,True
7,15,W2,1986,15 16 17 18 19 20 21,-0.006675054607825628,-0.855518631048786,0.3923673455070922,0.5052879794436115,True
7,16,W1,1991,16 17 18 19 20 21 22,-0.010881266129214223,-1.4976897990272258,0.1343724566380446,0.4423198347550259,True
7,16,W2,1986,16 17 18 19 20 21 22,-0.0034389177910845005,-0.544909559969411,0.5858769343995762,0.4044261937935005,True
7,17,W1,1588,17 18 19 20 21 22 23,0.00025329352865817163,0.03556251364791085,0.9716356715255272,0.40470043468239714,True
7,17,W2,1577,17 18 19 20 21 22 23,0.02883962824631003,4.098545594096788,4.3691345734207436e-05,0.37406286110553655,True
7,18,W1,1582,18 19 20 21 22 23 00,0.0016154787171248095,0.24130413971513698,0.8093506931313852,0.37517328087628615,True
7,18,W2,1566,18 19 20 21 22 23 00,0.02882348642908572,4.220197251962078,2.581058359540368e-05,0.3569121814642093,True
7,19,W1,1583,19 20 21 22 23 00 01,0.008370643720954,1.3895109626593771,0.16487294959659451,0.36222540081622945,True
7,19,W2,1566,19 20 21 22 23 00 01,0.03337445562003082,4.7711208286868665,2.0027337134694834e-06,0.37310468432888794,True
7,20,W1,1584,20 21 22 23 00 01 02,0.024584837082215847,4.315950012868974,1.687636978235863e-05,0.3447785583694285,True
7,20,W2,1566,20 21 22 23 00 01 02,0.03444592791124317,5.456880292447259,5.6252775586589254e-08,0.3697188721241393,True
7,21,W1,1616,21 22 23 00 01 02 03,0.03265012517064845,5.267735576520748,1.5670214447624768e-07,0.3327960334550866,True
7,21,W2,1614,21 22 23 00 01 02 03,0.027781594780869907,4.713464180361414,2.644931853884124e-06,0.3599795252327925,True
7,22,W1,1616,22 23 00 01 02 03 04,0.029569111348245497,4.455753727337501,8.93492043969737e-06,0.35238029410851107,True
7,22,W2,1614,22 23 00 01 02 03 04,0.027990384621634754,4.5434132680128645,5.946693927716766e-06,0.37839176893252763,True
7,23,W1,1616,23 00 01 02 03 04 05,0.03826156459746812,5.743419828224072,1.1065693750674828e-08,0.3790998722515127,False
7,23,W2,1614,23 00 01 02 03 04 05,0.02908328950466697,4.308470833929214,1.7431063008827007e-05,0.4104708432998318,False
